<?xml version="1.0" encoding="UTF-8"?>
<addon id="plugin.video.vavoo.filme" name="VAVOO.TO - Filme" version="5.2" provider-name="michaz, Kostya Lolinger[MOD]">
    <requires>
        <import addon="script.module.requests"/>
        <import addon="inputstream.ffmpegdirect" optional="true" /> 
    </requires>
    <extension point="xbmc.python.pluginsource" library="lib/main.py">
        <provides>video</provides>
    </extension>
    <extension point="xbmc.addon.metadata">
        <assets>
            <icon>icon.png</icon>
            <fanart>fanart.png</fanart>
        </assets>
    </extension>
</addon>
