<?xml version="1.0" encoding="UTF-8" standalone="yes"?>
<addon id="repository.supernova" name="[COLOR indigo]SuperNova[/COLOR] Repo" version="1.0.0" provider-name="Kostya Lolinger">
	<extension point="xbmc.addon.repository" name="XBMC Addons">
        <dir>
			<info compressed="false">https://raw.githubusercontent.com/SuperNova-Repo/repo/master/addons.xml</info>
			<checksum>https://raw.githubusercontent.com/SuperNova-Repo/repo/master/addons.xml.md5</checksum>
			<datadir zip="true">https://raw.githubusercontent.com/SuperNova-Repo/repo/master/</datadir>
        </dir>
	<dir minversion="18.0" maxversion="18.9.9">
			<info compressed="false">https://raw.githubusercontent.com/SuperNova-Repo/repo/master/addons.xml</info>
			<checksum>https://raw.githubusercontent.com/SuperNova-Repo/repo/master/addons.xml.md5</checksum>
			<datadir zip="true">https://raw.githubusercontent.com/SuperNova-Repo/repo/master/</datadir>
        </dir>
        <dir minversion="19.0.0">
			<info compressed="false">https://raw.githubusercontent.com/SuperNova-Repo/repo/master/addons.xml</info>
			<checksum>https://raw.githubusercontent.com/SuperNova-Repo/repo/master/addons.xml.md5</checksum>
			<datadir zip="true">https://raw.githubusercontent.com/SuperNova-Repo/repo/master/</datadir>
        </dir>
	</extension>
	<extension point="xbmc.addon.metadata">
		<summary>[COLOR indigo]SuperNova[/COLOR] Repository</summary>
		<description>[COLOR indigo]SuperNova[/COLOR] Addons. Nur für [COLOR indigo]SuperNova[/COLOR] Builds!</description>
		<disclaimer></disclaimer>
		<language>de_DE</language>
		<platform>all</platform>
		<license>GPL-2.0-only</license>
		<forum></forum>
		<website></website>
		<email></email>
		<source></source>
		<assets>
            <icon>resources\icon.png</icon>
            <fanart>resources\fanart.jpg</fanart>
			<banner></banner>
			<clearlogo></clearlogo>
			<screenshot></screenshot>
		</assets>
	</extension>
</addon>